Date;Time;Tempat
30/03/2022;00:00:00;Kelurahan Limo
30/03/2022;01:00:00;Kelurahan Limo
30/03/2022;02:00:00;Kelurahan Limo
30/03/2022;03:00:00;Kelurahan Limo
30/03/2022;04:00:00;Kelurahan Limo
30/03/2022;05:00:00;Kelurahan Meruyung
30/03/2022;06:00:00;Kelurahan Meruyung
30/03/2022;07:00:00;Kelurahan Limo
30/03/2022;08:00:00;Kelurahan Limo
30/03/2022;09:00:00;Kelurahan Limo
30/03/2022;10:00:00;Kelurahan Limo
30/03/2022;11:00:00;Kelurahan Limo
30/03/2022;12:00:00;Kelurahan Limo
30/03/2022;13:00:00;Kelurahan Limo
30/03/2022;14:00:00;Kelurahan Cipayung
30/03/2022;15:00:00;Kelurahan Cipayung
30/03/2022;16:00:00;Kelurahan Cipayung
30/03/2022;17:00:00;Kelurahan Cipayung
30/03/2022;18:00:00;Kelurahan Cipayung
30/03/2022;19:00:00;Kelurahan Limo
30/03/2022;20:00:00;Kelurahan Limo
30/03/2022;21:00:00;Kelurahan Limo
30/03/2022;22:00:00;Kelurahan Limo
30/03/2022;23:00:00;Kelurahan Limo
31/03/2022;00:00:00;Kelurahan Limo
31/03/2022;01:00:00;Kelurahan Limo
31/03/2022;02:00:00;Kelurahan Limo
31/03/2022;03:00:00;Kelurahan Limo
31/03/2022;04:00:00;Kelurahan Limo
31/03/2022;05:00:00;Kelurahan Limo
31/03/2022;06:00:00;Kelurahan Limo
31/03/2022;07:00:00;Kelurahan Limo
31/03/2022;08:00:00;Kelurahan Limo
31/03/2022;09:00:00;Kelurahan Limo
31/03/2022;10:00:00;Kelurahan Cinere
31/03/2022;11:00:00;Kelurahan Cinere
31/03/2022;12:00:00;Kelurahan Cinere
31/03/2022;13:00:00;Kelurahan Cinere
31/03/2022;14:00:00;Kelurahan Limo
31/03/2022;15:00:00;Kelurahan Limo
31/03/2022;16:00:00;Kelurahan Limo
31/03/2022;17:00:00;Kelurahan Limo
31/03/2022;18:00:00;Kelurahan Limo
31/03/2022;19:00:00;Kelurahan Limo
31/03/2022;20:00:00;Kelurahan Limo
31/03/2022;21:00:00;Kelurahan Limo
31/03/2022;22:00:00;Kelurahan Limo
31/03/2022;23:00:00;Kelurahan Limo
01/04/2022;00:00:00;Kelurahan Limo
01/04/2022;01:00:00;Kelurahan Limo
01/04/2022;02:00:00;Kelurahan Limo
01/04/2022;03:00:00;Kelurahan Limo
01/04/2022;04:00:00;Kelurahan Limo
01/04/2022;05:00:00;Kelurahan Limo
01/04/2022;06:00:00;Kelurahan Limo
01/04/2022;07:00:00;Kelurahan Limo
01/04/2022;08:00:00;Kelurahan Limo
01/04/2022;09:00:00;Kelurahan Limo
01/04/2022;10:00:00;Kelurahan Limo
01/04/2022;11:00:00;Kelurahan Limo
01/04/2022;12:00:00;Kelurahan Limo
01/04/2022;13:00:00;Kelurahan Limo
01/04/2022;14:00:00;Kelurahan Meruyung
01/04/2022;15:00:00;Kelurahan Meruyung
01/04/2022;16:00:00;Kelurahan Meruyung
01/04/2022;17:00:00;Kelurahan Meruyung
01/04/2022;18:00:00;Kelurahan Meruyung
01/04/2022;19:00:00;Kelurahan Limo
01/04/2022;20:00:00;Kelurahan Limo
01/04/2022;21:00:00;Kelurahan Limo
01/04/2022;22:00:00;Kelurahan Limo
01/04/2022;23:00:00;Kelurahan Limo
02/04/2022;00:00:00;Kelurahan Limo
02/04/2022;01:00:00;Kelurahan Limo
02/04/2022;02:00:00;Kelurahan Limo
02/04/2022;03:00:00;Kelurahan Limo
02/04/2022;04:00:00;Kelurahan Limo
02/04/2022;05:00:00;Kelurahan Limo
02/04/2022;06:00:00;Kelurahan Limo
02/04/2022;07:00:00;Kelurahan Limo
02/04/2022;08:00:00;Kelurahan Pondok Labu
02/04/2022;09:00:00;Kelurahan Pondok Labu
02/04/2022;10:00:00;Kelurahan Pondok Labu
02/04/2022;11:00:00;Kelurahan Pondok Labu
02/04/2022;12:00:00;Kelurahan Pondok Labu
02/04/2022;13:00:00;Kelurahan Pondok Labu
02/04/2022;14:00:00;Kelurahan Limo
02/04/2022;15:00:00;Kelurahan Limo
02/04/2022;16:00:00;Kelurahan Limo
02/04/2022;17:00:00;Kelurahan Limo
02/04/2022;18:00:00;Kelurahan Limo
02/04/2022;19:00:00;Kelurahan Limo
02/04/2022;20:00:00;Kelurahan Limo
02/04/2022;21:00:00;Kelurahan Limo
02/04/2022;22:00:00;Kelurahan Limo
02/04/2022;23:00:00;Kelurahan Limo
03/04/2022;00:00:00;Kelurahan Limo
03/04/2022;01:00:00;Kelurahan Limo
03/04/2022;02:00:00;Kelurahan Limo
03/04/2022;03:00:00;Kelurahan Limo
03/04/2022;04:00:00;Kelurahan Limo
03/04/2022;05:00:00;Kelurahan Limo
03/04/2022;06:00:00;Kelurahan Limo
03/04/2022;07:00:00;Kelurahan Limo
03/04/2022;08:00:00;Kelurahan Limo
03/04/2022;09:00:00;Kelurahan Sukmajaya
03/04/2022;10:00:00;Kelurahan Sukmajaya
03/04/2022;11:00:00;Kelurahan Sukmajaya
03/04/2022;12:00:00;Kelurahan Sukmajaya
03/04/2022;13:00:00;Kelurahan Sukmajaya
03/04/2022;14:00:00;Kelurahan Sukmajaya
03/04/2022;15:00:00;Kelurahan Sukmajaya
03/04/2022;16:00:00;Kelurahan Sukmajaya
03/04/2022;17:00:00;Kelurahan Limo
03/04/2022;18:00:00;Kelurahan Limo
03/04/2022;19:00:00;Kelurahan Limo
03/04/2022;20:00:00;Kelurahan Limo
03/04/2022;21:00:00;Kelurahan Limo
03/04/2022;22:00:00;Kelurahan Limo
03/04/2022;23:00:00;Kelurahan Limo
04/04/2022;00:00:00;Kelurahan Limo
04/04/2022;01:00:00;Kelurahan Limo
04/04/2022;02:00:00;Kelurahan Limo
04/04/2022;03:00:00;Kelurahan Limo
04/04/2022;04:00:00;Kelurahan Limo
04/04/2022;05:00:00;Kelurahan Limo
04/04/2022;06:00:00;Kelurahan Limo
04/04/2022;07:00:00;Kelurahan Limo
04/04/2022;08:00:00;Kelurahan Limo
04/04/2022;09:00:00;Kelurahan Limo
04/04/2022;10:00:00;Kelurahan Pancoran Mas
04/04/2022;11:00:00;Kelurahan Pancoran Mas
04/04/2022;12:00:00;Kelurahan Pancoran Mas
04/04/2022;13:00:00;Kelurahan Pancoran Mas
04/04/2022;14:00:00;Kelurahan Limo
04/04/2022;15:00:00;Kelurahan Limo
04/04/2022;16:00:00;Kelurahan Limo
04/04/2022;17:00:00;Kelurahan Limo
04/04/2022;18:00:00;Kelurahan Limo
04/04/2022;19:00:00;Kelurahan Limo
04/04/2022;20:00:00;Kelurahan Limo
04/04/2022;21:00:00;Kelurahan Limo
04/04/2022;22:00:00;Kelurahan Limo
04/04/2022;23:00:00;Kelurahan Limo
05/04/2022;00:00:00;Kelurahan Limo
05/04/2022;01:00:00;Kelurahan Limo
05/04/2022;02:00:00;Kelurahan Limo
05/04/2022;03:00:00;Kelurahan Limo
05/04/2022;04:00:00;Kelurahan Limo
05/04/2022;05:00:00;Kelurahan Limo
05/04/2022;06:00:00;Kelurahan Meruyung
05/04/2022;07:00:00;Kelurahan Meruyung
05/04/2022;08:00:00;Kelurahan Meruyung
05/04/2022;09:00:00;Kelurahan Meruyung
05/04/2022;10:00:00;Kelurahan Meruyung
05/04/2022;11:00:00;Kelurahan Limo
05/04/2022;12:00:00;Kelurahan Limo
05/04/2022;13:00:00;Kelurahan Limo
05/04/2022;14:00:00;Kelurahan Limo
05/04/2022;15:00:00;Kelurahan Limo
05/04/2022;16:00:00;Kelurahan Limo
05/04/2022;17:00:00;Kelurahan Limo
05/04/2022;18:00:00;Kelurahan Limo
05/04/2022;19:00:00;Kelurahan Limo
05/04/2022;20:00:00;Kelurahan Limo
05/04/2022;21:00:00;Kelurahan Limo
05/04/2022;22:00:00;Kelurahan Limo
05/04/2022;23:00:00;Kelurahan Limo
